document_family,feature,genuine_mean,coord_mean,cohens_d,ks_statistic,ks_pvalue,roc_auc
family_a,num_fields_analyzed,5.0,5.0,0.0,0.0,1.0,0.5
family_a,field_gray_mean_mean,172.4492,173.0268,0.2128,0.1333,0.5204338436354516,0.5566
family_a,field_gray_mean_std,12.0011,12.2062,0.1028,0.1333,0.5204338436354516,0.5394
family_a,field_gray_mean_max,190.7188,190.8034,0.027,0.1067,0.7906561065069353,0.5152
family_a,field_gray_mean_range,33.0973,33.1121,0.0026,0.1333,0.5204338436354516,0.5049
family_a,field_gray_std_mean,98.4014,96.9722,-0.2621,0.1867,0.14686332936650653,0.5769
family_a,field_gray_std_std,3.4611,3.4289,-0.0366,0.08,0.9717333170639332,0.5084
family_a,field_gray_std_max,102.4046,100.9898,-0.2376,0.1867,0.14686332936650653,0.5655
family_a,field_gray_std_range,9.3233,9.1012,-0.0987,0.0933,0.9025824944167903,0.5202
family_a,field_local_contrast_mean,0.9993,0.9968,-0.4015,0.1333,0.5204338436354516,0.5526
family_a,field_local_contrast_std,0.0009,0.0019,0.2728,0.0933,0.9025824944167903,0.547
family_a,field_local_contrast_max,1.0,0.9984,-0.3783,0.08,0.9717333170639332,0.54
family_a,field_local_contrast_range,0.0023,0.0049,0.2776,0.0933,0.9025824944167903,0.5479
family_a,field_grad_mag_mean_mean,460.6089,452.5951,-0.3019,0.2267,0.042103113990931,0.5847
family_a,field_grad_mag_mean_std,46.2922,46.9982,0.0778,0.1067,0.7906561065069353,0.5205
family_a,field_grad_mag_mean_max,513.2705,506.9178,-0.1915,0.1733,0.21067424165457352,0.5524
family_a,field_grad_mag_mean_range,124.4524,125.1023,0.0266,0.08,0.9717333170639332,0.5067
family_a,field_grad_mag_std_mean,369.6732,362.6631,-0.2312,0.2267,0.042103113990931,0.5682
family_a,field_grad_mag_std_std,11.6364,11.16,-0.1364,0.12,0.6561763706360505,0.5351
family_a,field_grad_mag_std_max,384.0448,376.8275,-0.2487,0.1867,0.14686332936650653,0.5701
family_a,field_grad_mag_std_range,30.7916,29.9315,-0.0913,0.1067,0.7906561065069353,0.5186
family_a,field_edge_density_mean,0.289,0.2884,-0.0638,0.0667,0.9966899221363298,0.5106
family_a,field_edge_density_std,0.033,0.0338,0.1311,0.08,0.9717333170639332,0.5337
family_a,field_edge_density_max,0.3268,0.3272,0.0305,0.0933,0.9025824944167903,0.515
family_a,field_edge_density_range,0.0904,0.0908,0.0205,0.0933,0.9025824944167903,0.501
family_a,field_laplacian_var_mean,26011.8483,24415.8928,-0.2418,0.2133,0.06565104950987122,0.5737
family_a,field_laplacian_var_std,3879.3582,3916.3016,0.0313,0.0933,0.9025824944167903,0.5061
family_a,field_laplacian_var_max,31040.6242,29388.3884,-0.2107,0.2133,0.06565104950987122,0.563
family_a,field_laplacian_var_range,10464.7501,10399.185,-0.0203,0.0933,0.9025824944167903,0.506
family_a,field_local_entropy_mean,5.5975,5.6313,0.0377,0.0933,0.9025824944167903,0.5141
family_a,field_local_entropy_std,0.3566,0.3659,0.0926,0.1467,0.3974450299113081,0.5378
family_a,field_local_entropy_max,6.0215,6.0762,0.0655,0.1067,0.7906561065069353,0.5307
family_a,field_local_entropy_range,0.9642,0.9755,0.0403,0.1067,0.7906561065069353,0.5248
family_a,field_hf_residual_energy_mean,26026.987,24431.3723,-0.2418,0.2133,0.06565104950987122,0.5737
family_a,field_hf_residual_energy_std,3890.6591,3928.0744,0.0317,0.0933,0.9025824944167903,0.5061
family_a,field_hf_residual_energy_max,31074.4341,29423.1001,-0.2105,0.2133,0.06565104950987122,0.5628
family_a,field_hf_residual_energy_range,10497.3618,10432.7564,-0.02,0.1067,0.7906561065069353,0.5056
family_a,field_text_bg_contrast_mean,0.297,0.2951,-0.1761,0.12,0.6561763706360505,0.5428
family_a,field_text_bg_contrast_std,0.0569,0.0565,-0.038,0.0667,0.9966899221363298,0.5188
family_a,field_text_bg_contrast_max,0.3604,0.3601,-0.0148,0.0933,0.9025824944167903,0.5001
family_a,field_text_bg_contrast_range,0.1607,0.1579,-0.0909,0.1067,0.7906561065069353,0.5355
family_a,field_boundary_discontinuity_mean,1.7187,1.6643,-0.2906,0.2267,0.042103113990931,0.5865
family_a,field_boundary_discontinuity_std,0.8425,0.8353,-0.0588,0.1067,0.7906561065069353,0.5211
family_a,field_boundary_discontinuity_max,2.5468,2.4843,-0.281,0.16,0.2937246924053884,0.5661
family_a,field_boundary_discontinuity_range,2.2562,2.1966,-0.1954,0.1467,0.3974450299113081,0.5639
family_a,field_cc_density_mean,5.3264,5.2986,-0.1311,0.1067,0.7906561065069353,0.5291
family_a,field_cc_density_std,0.5569,0.5927,0.1811,0.1867,0.14686332936650653,0.5845
family_a,field_cc_density_max,6.0905,6.0666,-0.0506,0.0667,0.9966899221363298,0.5004
family_a,field_cc_density_range,1.5772,1.6743,0.1696,0.2,0.09956376192379453,0.58
family_a,field_field_to_bg_gradient_ratio_mean,1.9654,1.9642,-0.0271,0.08,0.9717333170639332,0.512
family_a,field_field_to_bg_gradient_ratio_std,0.2085,0.2054,-0.0636,0.1733,0.21067424165457352,0.5248
family_a,field_field_to_bg_gradient_ratio_max,2.2225,2.2226,0.0011,0.0933,0.9025824944167903,0.5053
family_a,field_field_to_bg_gradient_ratio_range,0.606,0.5935,-0.0748,0.1733,0.21067424165457352,0.5227
family_a,field_field_to_bg_laplacian_ratio_mean,2.108,2.1092,0.0167,0.0933,0.9025824944167903,0.5109
family_a,field_field_to_bg_laplacian_ratio_std,0.2832,0.2864,0.0446,0.1067,0.7906561065069353,0.509
family_a,field_field_to_bg_laplacian_ratio_max,2.4252,2.4407,0.0901,0.08,0.9717333170639332,0.5186
family_a,field_field_to_bg_laplacian_ratio_range,0.8246,0.8287,0.0188,0.08,0.9717333170639332,0.5054
family_a,within_doc_max_field_zscore,1.8957,1.8819,-0.1422,0.1067,0.7906561065069353,0.5379
family_a,within_doc_mean_abs_zscore,0.7933,0.8081,0.3179,0.2267,0.042103113990931,0.5895
family_a,within_doc_zscore_dispersion,0.5499,0.533,-0.2748,0.1867,0.14686332936650653,0.574
family_a,num_fields_gt_2sd,0.0,0.0,0.0,0.0,1.0,0.5
family_a,num_fields_gt_3sd,0.0,0.0,0.0,0.0,1.0,0.5
family_b,num_fields_analyzed,4.9333,5.0,0.1644,0.0133,1.0,0.5067
family_b,field_gray_mean_mean,171.5311,173.5354,0.1393,0.0933,0.9025824944167903,0.5088
family_b,field_gray_mean_std,6.2537,7.4971,0.4019,0.1733,0.21067424165457352,0.595
family_b,field_gray_mean_max,181.0846,184.4119,0.2073,0.1467,0.3974450299113081,0.5493
family_b,field_gray_mean_range,17.9289,21.227,0.3758,0.16,0.2937246924053884,0.589
family_b,field_gray_std_mean,88.6153,90.4737,0.2028,0.1333,0.5204338436354516,0.528
family_b,field_gray_std_std,1.7802,2.02,0.2194,0.12,0.6561763706360505,0.5276
family_b,field_gray_std_max,91.0765,93.2055,0.2201,0.16,0.2937246924053884,0.5355
family_b,field_gray_std_range,5.0425,5.7286,0.2282,0.1467,0.3974450299113081,0.5431
family_b,field_local_contrast_mean,0.9318,0.9446,0.1412,0.08,0.9717333170639332,0.5092
family_b,field_local_contrast_std,0.0138,0.0144,0.0546,0.08,0.9717333170639332,0.5137
family_b,field_local_contrast_max,0.9487,0.962,0.1478,0.08,0.9717333170639332,0.5172
family_b,field_local_contrast_range,0.0364,0.0385,0.071,0.0933,0.9025824944167903,0.5245
family_b,field_grad_mag_mean_mean,426.5211,433.9377,0.1715,0.1067,0.7906561065069353,0.5246
family_b,field_grad_mag_mean_std,25.1501,28.6272,0.3384,0.16,0.2937246924053884,0.5838
family_b,field_grad_mag_mean_max,459.5742,470.0742,0.2155,0.16,0.2937246924053884,0.5486
family_b,field_grad_mag_mean_range,71.1461,80.5657,0.3125,0.1733,0.21067424165457352,0.5776
family_b,field_grad_mag_std_mean,324.5846,332.3926,0.1993,0.1333,0.5204338436354516,0.531
family_b,field_grad_mag_std_std,8.6997,10.2469,0.4697,0.2,0.09956376192379453,0.6142
family_b,field_grad_mag_std_max,335.604,345.2371,0.2422,0.1467,0.3974450299113081,0.5491
family_b,field_grad_mag_std_range,23.7117,27.3761,0.4129,0.1733,0.21067424165457352,0.5968
family_b,field_edge_density_mean,0.3065,0.3097,0.1205,0.0933,0.9025824944167903,0.5232
family_b,field_edge_density_std,0.0245,0.0279,0.3601,0.1733,0.21067424165457352,0.5844
family_b,field_edge_density_max,0.3384,0.3459,0.2359,0.1333,0.5204338436354516,0.5537
family_b,field_edge_density_range,0.0694,0.0774,0.2993,0.1333,0.5204338436354516,0.5666
family_b,field_laplacian_var_mean,25672.7125,26781.4342,0.1477,0.1333,0.5204338436354516,0.5234
family_b,field_laplacian_var_std,2502.0828,2882.1648,0.3808,0.2,0.09956376192379453,0.6027
family_b,field_laplacian_var_max,28967.3849,30432.2117,0.1813,0.1333,0.5204338436354516,0.5401
family_b,field_laplacian_var_range,6973.8924,8048.9582,0.375,0.2267,0.042103113990931,0.6048
family_b,field_local_entropy_mean,6.2135,6.2284,0.0161,0.1733,0.21067424165457352,0.5335
family_b,field_local_entropy_std,0.2165,0.2569,0.4217,0.32,0.0008503637540535001,0.6484
family_b,field_local_entropy_max,6.4974,6.5539,0.0622,0.1467,0.3974450299113081,0.5193
family_b,field_local_entropy_range,0.5962,0.691,0.3687,0.2667,0.009385843245702059,0.6372
family_b,field_hf_residual_energy_mean,25694.7654,26805.0068,0.1479,0.1333,0.5204338436354516,0.5237
family_b,field_hf_residual_energy_std,2513.6762,2896.1399,0.3823,0.2133,0.06565104950987122,0.6032
family_b,field_hf_residual_energy_max,29005.3001,30477.3948,0.1821,0.1333,0.5204338436354516,0.5403
family_b,field_hf_residual_energy_range,7004.8256,8087.5972,0.3767,0.2133,0.06565104950987122,0.605
family_b,field_text_bg_contrast_mean,0.2907,0.2951,0.166,0.08,0.9717333170639332,0.5157
family_b,field_text_bg_contrast_std,0.0259,0.0297,0.3574,0.1733,0.21067424165457352,0.5884
family_b,field_text_bg_contrast_max,0.3248,0.3341,0.2762,0.2,0.09956376192379453,0.5592
family_b,field_text_bg_contrast_range,0.0744,0.0846,0.3185,0.1733,0.21067424165457352,0.581
family_b,field_boundary_discontinuity_mean,5.4387,5.4973,0.085,0.0933,0.9025824944167903,0.5028
family_b,field_boundary_discontinuity_std,1.3827,1.442,0.0922,0.08,0.9717333170639332,0.5189
family_b,field_boundary_discontinuity_max,6.9476,7.0041,0.0711,0.1733,0.21067424165457352,0.5308
family_b,field_boundary_discontinuity_range,3.8049,3.9578,0.0847,0.0933,0.9025824944167903,0.5163
family_b,field_cc_density_mean,7.3325,7.383,0.0718,0.16,0.2937246924053884,0.548
family_b,field_cc_density_std,1.0766,1.076,-0.0013,0.12,0.6561763706360505,0.506
family_b,field_cc_density_max,9.1269,9.0517,-0.0538,0.08,0.9717333170639332,0.5416
family_b,field_cc_density_range,3.1379,3.1159,-0.016,0.08,0.9717333170639332,0.5051
family_b,field_field_to_bg_gradient_ratio_mean,2.2567,2.2868,0.1565,0.16,0.2937246924053884,0.5253
family_b,field_field_to_bg_gradient_ratio_std,0.1556,0.1604,0.1056,0.0933,0.9025824944167903,0.523
family_b,field_field_to_bg_gradient_ratio_max,2.5391,2.5639,0.1126,0.1333,0.5204338436354516,0.5296
family_b,field_field_to_bg_gradient_ratio_range,0.4446,0.4644,0.1511,0.1067,0.7906561065069353,0.501
family_b,field_field_to_bg_laplacian_ratio_mean,2.5716,2.5983,0.1183,0.08,0.9717333170639332,0.5008
family_b,field_field_to_bg_laplacian_ratio_std,0.2589,0.2664,0.1013,0.0933,0.9025824944167903,0.5061
family_b,field_field_to_bg_laplacian_ratio_max,3.0326,3.0494,0.0593,0.1867,0.14686332936650653,0.5623
family_b,field_field_to_bg_laplacian_ratio_range,0.7574,0.7841,0.1171,0.0933,0.9025824944167903,0.5003
family_b,within_doc_max_field_zscore,1.9065,1.9328,0.1591,0.12,0.6561763706360505,0.5261
family_b,within_doc_mean_abs_zscore,0.8101,0.8221,0.1615,0.08,0.9717333170639332,0.5084
family_b,within_doc_zscore_dispersion,0.5527,0.5601,0.1194,0.0933,0.9025824944167903,0.5006
family_b,num_fields_gt_2sd,0.0,0.0,0.0,0.0,1.0,0.5
family_b,num_fields_gt_3sd,0.0,0.0,0.0,0.0,1.0,0.5
