feature,genuine_mean,genuine_std,coord_mean,coord_std,visual_splice_mean,fine_grained_mean,cohens_d,ks_statistic,ks_pvalue,single_feature_roc_auc,single_feature_pr_auc,signal_classification
within_doc_mean_abs_zscore,0.8017,0.0778,0.8151,0.0419,0.8047,0.8087,0.2145,0.1467,0.07930977331891072,0.5608,0.5499,NO_SIGNAL
field_local_entropy_std,0.2866,0.1138,0.3114,0.1196,0.3023,0.2847,0.2129,0.14,0.10573819431184933,0.56,0.5423,NO_SIGNAL
field_edge_density_std,0.0288,0.0087,0.0308,0.0087,0.0304,0.0293,0.2386,0.12,0.23078236357216822,0.5558,0.5797,NO_SIGNAL
field_local_entropy_range,0.7802,0.3143,0.8333,0.317,0.8257,0.7693,0.1681,0.12,0.23078236357216822,0.5513,0.5332,NO_SIGNAL
field_gray_mean_std,9.1274,3.5773,9.8516,3.8152,10.0378,9.1642,0.1958,0.0933,0.5321869291503776,0.5447,0.5567,NO_SIGNAL
field_hf_residual_energy_std,3202.1677,1240.3271,3412.1071,1263.8909,3635.848,3272.6458,0.1677,0.1067,0.3617268879273219,0.5419,0.5465,NO_SIGNAL
field_laplacian_var_std,3190.7205,1238.737,3399.2332,1262.6462,3624.8236,3260.8832,0.1667,0.1133,0.29107399113413146,0.5417,0.5465,NO_SIGNAL
field_hf_residual_energy_range,8751.0937,3435.6224,9260.1768,3360.7752,9989.1937,8963.9828,0.1498,0.12,0.23078236357216822,0.5416,0.5337,NO_SIGNAL
field_laplacian_var_range,8719.3213,3429.7597,9224.0716,3356.0403,9959.0,8932.3596,0.1488,0.12,0.23078236357216822,0.5412,0.5336,NO_SIGNAL
field_grad_mag_mean_std,35.7212,13.8384,37.8127,13.8758,42.109,35.6331,0.1509,0.0733,0.8164826980883894,0.5372,0.5527,NO_SIGNAL
within_doc_zscore_dispersion,0.5513,0.069,0.5465,0.0554,0.5525,0.5514,-0.0759,0.1333,0.13906219315479607,0.5367,0.5335,NO_SIGNAL
field_edge_density_range,0.0799,0.024,0.0841,0.0239,0.0837,0.081,0.1753,0.0933,0.5321869291503776,0.5365,0.5501,NO_SIGNAL
field_edge_density_max,0.3326,0.0318,0.3366,0.0169,0.3331,0.3352,0.1545,0.0933,0.5321869291503776,0.5356,0.5308,NO_SIGNAL
field_gray_mean_range,25.5131,9.9368,27.1696,10.1901,27.933,25.4885,0.1646,0.1,0.4425235033915137,0.5356,0.5382,NO_SIGNAL
field_grad_mag_std_range,27.2517,9.2602,28.6538,9.7943,31.9557,27.669,0.1471,0.1,0.4425235033915137,0.5353,0.5398,NO_SIGNAL
field_grad_mag_mean_mean,443.565,46.5582,443.2664,28.0227,437.8832,444.8313,-0.0078,0.1,0.4425235033915137,0.5346,0.5147,NO_SIGNAL
field_cc_density_std,0.8167,0.4628,0.8343,0.4197,0.8678,0.7988,0.0398,0.0933,0.5321869291503776,0.5344,0.5113,NO_SIGNAL
field_grad_mag_mean_range,97.7992,36.9726,102.834,36.6704,115.3112,97.8816,0.1367,0.0933,0.5321869291503776,0.534,0.5398,NO_SIGNAL
field_grad_mag_std_std,10.1681,3.4144,10.7034,3.7099,11.8632,10.1563,0.1502,0.1,0.4425235033915137,0.5329,0.5427,NO_SIGNAL
field_local_contrast_range,0.0193,0.0273,0.0217,0.0281,0.0208,0.0192,0.085,0.0733,0.8164826980883894,0.531,0.5247,NO_SIGNAL
field_gray_mean_max,185.9017,16.3699,187.6077,5.7252,188.8425,187.158,0.1391,0.0867,0.6279165272026672,0.531,0.5118,NO_SIGNAL
field_cc_density_range,2.3576,1.3657,2.3951,1.213,2.4833,2.2917,0.0291,0.1,0.4425235033915137,0.5288,0.5072,NO_SIGNAL
field_local_contrast_std,0.0074,0.0102,0.0082,0.0104,0.0079,0.0072,0.0764,0.0667,0.8943205382966369,0.5276,0.5187,NO_SIGNAL
field_gray_std_mean,93.5083,10.2981,93.7229,6.4925,92.6332,93.8678,0.0249,0.1067,0.3617268879273219,0.5246,0.5032,NO_SIGNAL
field_text_bg_contrast_max,0.3426,0.0372,0.3471,0.0261,0.3426,0.3441,0.1399,0.08,0.7249566931207618,0.5241,0.5401,NO_SIGNAL
field_text_bg_contrast_std,0.0414,0.0186,0.0431,0.0169,0.0464,0.0416,0.097,0.0867,0.6279165272026672,0.5241,0.5129,NO_SIGNAL
field_gray_mean_mean,171.9902,14.3482,173.2811,2.9529,173.1237,173.2369,0.1246,0.0667,0.8943205382966369,0.5228,0.5298,NO_SIGNAL
field_grad_mag_std_mean,347.1289,45.3399,347.5278,33.7029,343.5931,348.0072,0.01,0.1133,0.29107399113413146,0.5215,0.5032,NO_SIGNAL
field_laplacian_var_mean,25842.2804,7125.3214,25598.6635,7111.115,25187.2086,25889.688,-0.0342,0.1,0.4425235033915137,0.5213,0.5206,NO_SIGNAL
field_hf_residual_energy_mean,25860.8762,7125.8422,25618.1895,7111.9187,25205.5483,25908.447,-0.0341,0.1,0.4425235033915137,0.5212,0.5206,NO_SIGNAL
field_local_contrast_mean,0.9656,0.09,0.9707,0.0436,0.964,0.9707,0.0719,0.08,0.7249566931207618,0.521,0.5074,NO_SIGNAL
field_boundary_discontinuity_max,4.7472,2.3139,4.7442,2.2971,4.7372,4.8078,-0.0013,0.0867,0.6279165272026672,0.5209,0.527,NO_SIGNAL
field_gray_std_max,96.7406,10.9639,97.0976,7.4845,96.5234,97.0244,0.038,0.1133,0.29107399113413146,0.5198,0.5021,NO_SIGNAL
field_text_bg_contrast_range,0.1176,0.0535,0.1213,0.0479,0.1302,0.1177,0.0734,0.0867,0.6279165272026672,0.5187,0.5048,NO_SIGNAL
field_boundary_discontinuity_mean,3.5787,1.9488,3.5808,1.9608,3.5719,3.6209,0.0011,0.1067,0.3617268879273219,0.5176,0.5144,NO_SIGNAL
field_grad_mag_std_max,359.8244,46.0367,361.0323,33.7803,357.9938,361.1416,0.0299,0.1067,0.3617268879273219,0.5164,0.4996,NO_SIGNAL
field_cc_density_mean,6.3294,1.2013,6.3408,1.091,6.3222,6.3619,0.0099,0.08,0.7249566931207618,0.516,0.5116,NO_SIGNAL
field_boundary_discontinuity_range,3.0306,1.4982,3.0772,1.5755,3.0189,3.0949,0.0303,0.0733,0.8164826980883894,0.5156,0.5223,NO_SIGNAL
field_text_bg_contrast_mean,0.2939,0.0265,0.2951,0.0111,0.2906,0.2954,0.0595,0.0733,0.8164826980883894,0.5153,0.5143,NO_SIGNAL
field_gray_std_std,2.6207,1.1442,2.7244,1.365,3.763,2.5976,0.0824,0.06,0.9511113939522167,0.5137,0.5276,NO_SIGNAL
field_gray_std_range,7.1829,3.0716,7.4149,3.4774,10.2363,7.1227,0.0707,0.0733,0.8164826980883894,0.5135,0.5124,NO_SIGNAL
field_edge_density_mean,0.2977,0.0282,0.2991,0.0143,0.2976,0.2997,0.0598,0.06,0.9511113939522167,0.5119,0.5083,NO_SIGNAL
field_laplacian_var_max,30004.0046,8088.0968,29910.3001,7917.9618,29625.0262,30121.3039,-0.0117,0.0933,0.5321869291503776,0.5108,0.5121,NO_SIGNAL
field_hf_residual_energy_max,30039.8671,8092.1873,29950.2474,7919.1055,29659.9512,30156.7617,-0.0112,0.0933,0.5321869291503776,0.5108,0.512,NO_SIGNAL
field_grad_mag_mean_max,486.4223,55.3918,488.496,38.2993,484.854,487.6896,0.0435,0.0733,0.8164826980883894,0.5101,0.5032,NO_SIGNAL
within_doc_max_field_zscore,1.9011,0.1736,1.9074,0.0848,1.9002,1.9125,0.0459,0.0667,0.8943205382966369,0.5099,0.517,NO_SIGNAL
field_cc_density_max,7.6087,1.9374,7.5591,1.7196,7.6487,7.5943,-0.0271,0.0467,0.996947429111569,0.5096,0.5026,NO_SIGNAL
field_local_contrast_max,0.9744,0.0876,0.9802,0.0377,0.973,0.9795,0.0871,0.0333,0.9999974826701125,0.5083,0.5037,NO_SIGNAL
field_field_to_bg_gradient_ratio_range,0.5253,0.1649,0.5289,0.1703,0.5552,0.5241,0.0216,0.0867,0.6279165272026672,0.508,0.5045,NO_SIGNAL
field_field_to_bg_laplacian_ratio_max,2.7289,0.4208,2.745,0.3424,2.7238,2.7384,0.042,0.0933,0.5321869291503776,0.5073,0.4911,NO_SIGNAL
field_field_to_bg_laplacian_ratio_std,0.2711,0.0691,0.2764,0.0761,0.2831,0.2774,0.0726,0.0867,0.6279165272026672,0.5068,0.5014,NO_SIGNAL
field_field_to_bg_gradient_ratio_mean,2.1111,0.2401,2.1255,0.1691,2.1048,2.1243,0.0697,0.08,0.7249566931207618,0.5067,0.5097,NO_SIGNAL
field_local_entropy_mean,5.9055,1.021,5.9298,0.8923,5.9081,5.9707,0.0254,0.0933,0.5321869291503776,0.5064,0.5033,NO_SIGNAL
field_field_to_bg_laplacian_ratio_mean,2.3398,0.323,2.3537,0.2542,2.3318,2.3492,0.0478,0.0533,0.9838896754615987,0.5057,0.496,NO_SIGNAL
field_field_to_bg_gradient_ratio_max,2.3808,0.2813,2.3933,0.1988,2.3784,2.3931,0.0513,0.0667,0.8943205382966369,0.5054,0.507,NO_SIGNAL
field_local_entropy_max,6.2594,0.9718,6.315,0.8303,6.2764,6.324,0.0615,0.0867,0.6279165272026672,0.5053,0.5134,NO_SIGNAL
num_fields_analyzed,4.9667,0.4069,5.0,0.0,4.9022,4.98,0.1159,0.0067,1.0,0.5033,0.5017,NO_SIGNAL
field_field_to_bg_laplacian_ratio_range,0.791,0.2154,0.8064,0.2353,0.8158,0.8092,0.0682,0.08,0.7249566931207618,0.5021,0.499,NO_SIGNAL
field_field_to_bg_gradient_ratio_std,0.1821,0.0507,0.1829,0.0557,0.1943,0.182,0.0155,0.0733,0.8164826980883894,0.5018,0.5069,NO_SIGNAL
field_boundary_discontinuity_std,1.1126,0.5328,1.1386,0.557,1.1187,1.137,0.0479,0.06,0.9511113939522167,0.5012,0.5116,NO_SIGNAL
num_fields_gt_2sd,0.0,0.0,0.0,0.0,0.0,0.0,0.0,0.0,1.0,0.5,0.5,NO_SIGNAL
num_fields_gt_3sd,0.0,0.0,0.0,0.0,0.0,0.0,0.0,0.0,1.0,0.5,0.5,NO_SIGNAL
